Date,Open,High,Low,Close,Volume,Change_Pct
2021-07-22,53.274338,53.274338,53.274338,53.274338,0.000000,
2021-07-25,53.274338,53.274338,53.274338,53.274338,0.000000,0.000000
2021-07-26,53.274338,53.274338,53.274338,53.274338,0.000000,0.000000
2021-07-27,53.274338,53.274338,53.274338,53.274338,0.000000,0.000000
2021-07-28,53.274338,53.274338,53.274338,53.274338,0.000000,0.000000
2021-07-29,53.274338,53.274338,53.274338,53.274338,0.000000,0.000000
2021-08-01,53.274338,53.274338,53.274338,53.274338,0.000000,0.000000
2021-08-02,60.973450,60.973450,53.097343,53.097343,0.000522,-0.332232
2021-08-03,53.097343,53.097343,53.097343,53.097343,0.000000,0.000000
2021-08-04,53.097343,53.097343,53.097343,53.097343,0.000000,0.000000
2021-08-05,53.097343,53.097343,53.097343,53.097343,0.000000,0.000000
2021-08-08,53.097343,53.097343,53.097343,53.097343,0.000000,0.000000
2021-08-09,53.097343,53.097343,53.097343,53.097343,0.000000,0.000000
2021-08-10,53.097343,53.097343,53.097343,53.097343,0.000000,0.000000
2021-08-11,53.097343,53.097343,53.097343,53.097343,0.000000,0.000000
2021-08-12,53.097343,53.097343,53.097343,53.097343,0.000000,0.000000
2021-08-15,53.097343,53.097343,53.097343,53.097343,0.000000,0.000000
2021-08-16,53.097343,53.097343,53.097343,53.097343,0.000000,0.000000
2021-08-17,53.097343,53.097343,53.097343,53.097343,0.000000,0.000000
2021-08-18,53.097343,53.097343,53.097343,53.097343,0.000000,0.000000
2021-08-19,53.097343,53.097343,53.097343,53.097343,0.000000,0.000000
2021-08-22,53.097343,53.097343,53.097343,53.097343,0.000000,0.000000
2021-08-23,53.097343,53.097343,53.097343,53.097343,0.000000,0.000000
2021-08-24,53.097343,53.097343,53.097343,53.097343,0.000000,0.000000
2021-08-25,53.097343,53.097343,53.097343,53.097343,0.000000,0.000000
2021-08-26,53.097343,53.097343,53.097343,53.097343,0.000000,0.000000
2021-08-29,53.097343,53.097343,53.097343,53.097343,0.000000,0.000000
2021-08-30,53.097343,53.097343,53.097343,53.097343,0.000000,0.000000
2021-08-31,53.097343,53.097343,53.097343,53.097343,0.000000,0.000000
2021-09-01,53.982300,53.982300,53.982300,53.982300,0.000384,1.666668
2021-09-02,53.982300,53.982300,53.982300,53.982300,0.000000,0.000000
2021-09-05,55.309734,55.309734,55.309734,55.309734,0.001136,2.459018
2021-09-06,55.309734,55.309734,55.309734,55.309734,0.000000,0.000000
2021-09-07,55.309734,55.309734,55.309734,55.309734,0.000000,0.000000
2021-09-08,59.292034,61.061947,59.292034,61.061947,0.323677,10.400000
2021-09-09,61.061947,61.061947,61.061947,61.061947,0.000000,0.000000
2021-09-12,61.061947,61.061947,61.061947,61.061947,0.016243,0.000000
2021-09-13,61.061947,61.061947,61.061947,61.061947,0.000000,0.000000
2021-09-14,61.061947,61.061947,61.061947,61.061947,0.000000,0.000000
2021-09-15,61.061947,61.061947,61.061947,61.061947,0.000000,0.000000
2021-09-16,61.061947,61.061947,61.061947,61.061947,0.000000,0.000000
2021-09-19,61.061947,61.061947,61.061947,61.061947,0.000000,0.000000
2021-09-20,61.061947,61.061947,61.061947,61.061947,0.000000,0.000000
2021-09-21,61.061947,61.061947,61.061947,61.061947,0.000000,0.000000
2021-09-22,61.061947,61.061947,61.061947,61.061947,0.000000,0.000000
2021-09-23,61.061947,61.061947,61.061947,61.061947,0.000000,0.000000
2021-09-26,61.061947,61.061947,61.061947,61.061947,0.000000,0.000000
2021-09-27,61.061947,61.061947,61.061947,61.061947,0.000000,0.000000
2021-09-28,61.061947,61.061947,61.061947,61.061947,0.000000,0.000000
2021-09-29,61.946903,61.946903,61.946903,61.946903,0.001808,1.449276
2021-09-30,61.946903,61.946903,61.946903,61.946903,0.000169,0.000000
2021-10-03,61.946903,61.946903,61.946903,61.946903,0.000000,0.000000
2021-10-04,61.946903,61.946903,61.946903,61.946903,0.000000,0.000000
2021-10-05,61.946903,61.946903,61.946903,61.946903,0.000000,0.000000
2021-10-06,61.946903,61.946903,61.946903,61.946903,0.000000,0.000000
2021-10-07,61.946903,61.946903,61.946903,61.946903,0.000000,0.000000
2021-10-10,61.946903,61.946903,61.946903,61.946903,0.000000,0.000000
2021-10-11,61.946903,61.946903,61.946903,61.946903,0.000000,0.000000
2021-10-12,61.946903,61.946903,61.946903,61.946903,0.000000,0.000000
2021-10-13,61.946903,61.946903,61.946903,61.946903,0.000000,0.000000
2021-10-14,64.159294,64.159294,64.159294,64.159294,0.000847,3.571431
2021-10-17,64.159294,64.159294,64.159294,64.159294,0.000000,0.000000
2021-10-18,64.159294,64.159294,64.159294,64.159294,0.000000,0.000000
2021-10-19,64.159294,64.159294,64.159294,64.159294,0.000000,0.000000
2021-10-20,64.159294,64.159294,64.159294,64.159294,0.000000,0.000000
2021-10-21,64.159294,64.159294,64.159294,64.159294,0.000000,0.000000
2021-10-24,64.159294,64.159294,64.159294,64.159294,0.000000,0.000000
2021-10-25,64.159294,64.159294,64.159294,64.159294,0.000000,0.000000
2021-10-26,64.159294,64.159294,64.159294,64.159294,0.000000,0.000000
2021-10-27,64.159294,64.159294,64.159294,64.159294,0.000000,0.000000
2021-10-28,64.159294,64.159294,64.159294,64.159294,0.000000,0.000000
2021-10-31,64.159294,64.159294,64.159294,64.159294,0.000000,0.000000
2021-11-01,64.159294,64.159294,64.159294,64.159294,0.000000,0.000000
2021-11-02,64.159294,64.159294,64.159294,64.159294,0.000000,0.000000
2021-11-03,64.159294,64.159294,64.159294,64.159294,0.000000,0.000000
2021-11-04,64.159294,64.159294,64.159294,64.159294,0.000000,0.000000
2021-11-07,64.159294,64.159294,64.159294,64.159294,0.000000,0.000000
2021-11-08,64.159294,64.159294,64.159294,64.159294,0.000000,0.000000
2021-11-09,64.159294,64.159294,64.159294,64.159294,0.000000,0.000000
2021-11-10,70.796463,70.796463,70.796463,70.796463,0.000226,10.344828
2021-11-11,70.796463,70.796463,70.796463,70.796463,0.000000,0.000000
2021-11-14,70.796463,70.796463,70.796463,70.796463,0.000000,0.000000
2021-11-15,70.796463,70.796463,70.796463,70.796463,0.000000,0.000000
2021-11-16,66.371681,66.371681,66.371681,66.371681,0.000288,-6.250004
2021-11-17,66.371681,66.371681,66.371681,66.371681,0.000226,0.000000
2021-11-18,66.371681,66.371681,66.371681,66.371681,0.000000,0.000000
2021-11-21,66.371681,66.371681,66.371681,66.371681,0.000000,0.000000
2021-11-22,66.371681,66.371681,66.371681,66.371681,0.000000,0.000000
2021-11-23,75.000000,75.000000,75.000000,75.000000,0.000200,13.000000
2021-11-24,75.000000,75.000000,75.000000,75.000000,0.000000,0.000000
2021-11-25,75.000000,75.000000,75.000000,75.000000,0.000000,0.000000
2021-11-28,75.000000,75.000000,75.000000,75.000000,0.000000,0.000000
2021-11-29,75.000000,75.000000,75.000000,75.000000,0.000000,0.000000
2021-11-30,75.000000,75.000000,75.000000,75.000000,0.000000,0.000000
2021-12-01,75.000000,75.000000,75.000000,75.000000,0.000000,0.000000
2021-12-02,75.000000,75.000000,75.000000,75.000000,0.000000,0.000000
2021-12-05,75.000000,75.000000,75.000000,75.000000,0.000000,0.000000
2021-12-06,75.000000,75.000000,75.000000,75.000000,0.000000,0.000000
2021-12-07,75.000000,75.000000,75.000000,75.000000,0.000000,0.000000
2021-12-08,75.000000,75.000000,75.000000,75.000000,0.000000,0.000000
2021-12-09,79.500000,79.500000,79.500000,79.500000,0.000135,6.000000
2021-12-12,79.500000,79.500000,79.500000,79.500000,0.000000,0.000000
2021-12-13,79.500000,79.500000,79.500000,79.500000,0.000000,0.000000
2021-12-14,79.500000,79.500000,79.500000,79.500000,0.000000,0.000000
2021-12-15,79.500000,79.500000,79.500000,79.500000,0.000000,0.000000
2021-12-16,79.500000,79.500000,79.500000,79.500000,0.000000,0.000000
2021-12-19,79.500000,79.500000,79.500000,79.500000,0.000000,0.000000
2021-12-20,79.500000,79.500000,79.500000,79.500000,0.000000,0.000000
2021-12-21,79.500000,79.500000,79.500000,79.500000,0.000000,0.000000
2021-12-22,79.500000,79.500000,79.500000,79.500000,0.000000,0.000000
2021-12-23,79.500000,79.500000,79.500000,79.500000,0.000000,0.000000
2021-12-26,79.500000,79.500000,79.500000,79.500000,0.000000,0.000000
2021-12-27,79.500000,79.500000,79.500000,79.500000,0.000000,0.000000
2021-12-28,79.500000,79.500000,79.500000,79.500000,0.000000,0.000000
2021-12-29,79.500000,79.500000,79.500000,79.500000,0.000000,0.000000
2021-12-30,79.500000,79.500000,79.500000,79.500000,0.000000,0.000000
2022-01-02,79.500000,79.500000,79.500000,79.500000,0.000000,0.000000
2022-01-03,79.500000,79.500000,79.500000,79.500000,0.000000,0.000000
2022-01-04,79.500000,79.500000,79.500000,79.500000,0.000000,0.000000
2022-01-05,76.000000,76.000000,76.000000,76.000000,0.000100,-4.402516
2022-01-06,76.000000,76.000000,76.000000,76.000000,0.000000,0.000000
2022-01-09,76.000000,76.000000,76.000000,76.000000,0.000000,0.000000
2022-01-10,76.000000,76.000000,76.000000,76.000000,0.000000,0.000000
2022-01-11,76.000000,76.000000,76.000000,76.000000,0.000000,0.000000
2022-01-12,76.000000,76.000000,76.000000,76.000000,0.000000,0.000000
2022-01-13,76.000000,76.000000,76.000000,76.000000,0.000000,0.000000
2022-01-16,76.000000,76.000000,76.000000,76.000000,0.000000,0.000000
2022-01-17,76.000000,76.000000,76.000000,76.000000,0.000000,0.000000
2022-01-18,76.000000,76.000000,76.000000,76.000000,0.000000,0.000000
2022-01-19,76.000000,76.000000,76.000000,76.000000,0.000000,0.000000
2022-01-20,76.000000,76.000000,76.000000,76.000000,0.000000,0.000000
2022-01-23,76.000000,76.000000,76.000000,76.000000,0.000000,0.000000
2022-01-24,76.000000,76.000000,76.000000,76.000000,0.000000,0.000000
2022-01-25,76.000000,76.000000,76.000000,76.000000,0.000000,0.000000
2022-01-26,76.000000,76.000000,76.000000,76.000000,0.000000,0.000000
2022-01-27,76.000000,76.000000,76.000000,76.000000,0.000000,0.000000
2022-01-30,76.000000,76.000000,76.000000,76.000000,0.000000,0.000000
2022-01-31,76.000000,76.000000,76.000000,76.000000,0.000000,0.000000
2022-02-01,76.000000,76.000000,76.000000,76.000000,0.000000,0.000000
2022-02-02,76.000000,76.000000,76.000000,76.000000,0.000000,0.000000
2022-02-03,76.000000,76.000000,76.000000,76.000000,0.000000,0.000000
2022-02-06,76.000000,76.000000,76.000000,76.000000,0.000000,0.000000
2022-02-07,76.000000,76.000000,76.000000,76.000000,0.000000,0.000000
2022-02-08,76.000000,76.000000,76.000000,76.000000,0.000050,0.000000
2022-02-09,76.000000,76.000000,76.000000,76.000000,0.000000,0.000000
2022-02-10,76.000000,76.000000,76.000000,76.000000,0.000000,0.000000
2022-02-13,76.000000,76.000000,76.000000,76.000000,0.000000,0.000000
2022-02-14,76.000000,76.000000,76.000000,76.000000,0.000000,0.000000
2022-02-15,76.000000,76.000000,76.000000,76.000000,0.000000,0.000000
2022-02-16,76.000000,76.000000,76.000000,76.000000,0.000000,0.000000
2022-02-17,76.000000,76.000000,76.000000,76.000000,0.000000,0.000000
2022-02-20,76.000000,76.000000,76.000000,76.000000,0.000000,0.000000
2022-02-21,76.000000,76.000000,76.000000,76.000000,0.000000,0.000000
2022-02-22,76.000000,76.000000,76.000000,76.000000,0.000000,0.000000
2022-02-23,76.000000,76.000000,76.000000,76.000000,0.000000,0.000000
2022-02-24,76.000000,76.000000,76.000000,76.000000,0.000000,0.000000
2022-02-28,76.000000,76.000000,76.000000,76.000000,0.000797,0.000000
2022-03-01,76.000000,76.000000,76.000000,76.000000,0.002613,0.000000
2022-03-02,76.000000,76.000000,76.000000,76.000000,0.001590,0.000000
2022-03-03,69.000000,69.000000,69.000000,69.000000,0.000387,-9.210526
2022-03-06,62.099998,62.099998,62.099998,62.099998,0.000000,-10.000002
2022-03-07,62.099998,62.099998,62.099998,62.099998,0.000000,0.000000
2022-03-08,62.099998,62.099998,62.099998,62.099998,0.000000,0.000000
2022-03-09,62.099998,62.099998,62.099998,62.099998,0.000000,0.000000
2022-03-10,62.099998,62.099998,62.099998,62.099998,0.000000,0.000000
2022-03-13,71.000000,71.000000,71.000000,71.000000,0.000000,14.331726
2022-03-14,71.000000,71.000000,71.000000,71.000000,0.000000,0.000000
2022-03-15,71.000000,71.000000,71.000000,71.000000,0.000000,0.000000
2022-03-16,63.950001,79.949997,63.950001,78.800003,0.004669,10.985920
2022-03-17,70.949997,78.949997,70.949997,78.949997,0.000203,0.190348
2022-03-20,78.949997,78.949997,78.949997,78.949997,0.000000,0.000000
2022-03-21,78.949997,78.949997,78.949997,78.949997,0.000000,0.000000
2022-03-22,78.949997,78.949997,78.949997,78.949997,0.000000,0.000000
2022-03-23,78.949997,78.949997,78.949997,78.949997,0.000000,0.000000
2022-03-24,78.949997,78.949997,78.949997,78.949997,0.000000,0.000000
2022-03-27,78.949997,78.949997,78.949997,78.949997,0.000000,0.000000
2022-03-28,78.949997,78.949997,78.949997,78.949997,0.000000,0.000000
2022-03-29,78.949997,78.949997,78.949997,78.949997,0.000000,0.000000
2022-03-30,78.949997,78.949997,78.949997,78.949997,0.000000,0.000000
2022-03-31,78.949997,78.949997,78.949997,78.949997,0.000000,0.000000
2022-04-04,75.000000,75.000000,75.000000,75.000000,0.000019,-5.003163
2022-04-05,67.500000,67.500000,67.500000,67.500000,0.000034,-10.000000
2022-04-06,67.500000,67.500000,67.500000,67.500000,0.000000,0.000000
2022-04-07,67.500000,67.500000,67.500000,67.500000,0.000000,0.000000
2022-04-10,67.500000,67.500000,67.500000,67.500000,0.000000,0.000000
2022-04-11,67.500000,67.500000,67.500000,67.500000,0.000000,0.000000
2022-04-12,67.500000,67.500000,67.500000,67.500000,0.000000,0.000000
2022-04-13,67.500000,67.500000,67.500000,67.500000,0.000000,0.000000
2022-04-14,67.500000,67.500000,67.500000,67.500000,0.000000,0.000000
2022-04-17,77.400002,77.400002,77.400002,77.400002,0.000000,14.666669
2022-04-18,77.400002,77.400002,77.400002,77.400002,0.000000,0.000000
2022-04-19,77.400002,77.400002,77.400002,77.400002,0.000000,0.000000
2022-04-20,77.400002,77.400002,77.400002,77.400002,0.000000,0.000000
2022-04-21,77.500000,77.500000,76.500000,76.500000,0.001178,-1.162793
2022-04-24,76.500000,76.500000,76.500000,76.500000,0.000000,0.000000
2022-04-25,76.500000,76.500000,76.500000,76.500000,0.000000,0.000000
2022-04-26,76.500000,76.500000,76.500000,76.500000,0.000922,0.000000
2022-04-27,76.500000,76.500000,76.500000,76.500000,0.003500,0.000000
2022-04-28,76.000000,76.000000,75.000000,75.000000,0.003446,-1.960784
2022-05-01,75.000000,75.000000,75.000000,75.000000,0.000000,0.000000
2022-05-02,75.000000,75.000000,75.000000,75.000000,0.000000,0.000000
2022-05-03,75.000000,75.000000,75.000000,75.000000,0.000000,0.000000
2022-05-04,75.000000,75.000000,75.000000,75.000000,0.000000,0.000000
2022-05-05,75.000000,75.000000,75.000000,75.000000,0.000000,0.000000
2022-05-08,75.000000,75.000000,75.000000,75.000000,0.000000,0.000000
2022-05-09,75.000000,75.000000,75.000000,75.000000,0.000000,0.000000
2022-05-10,74.900002,76.500000,74.500000,76.500000,0.010796,2.000000
2022-05-11,76.500000,76.500000,76.500000,76.500000,0.000000,0.000000
2022-05-12,73.500000,73.500000,73.500000,73.500000,0.000500,-3.921569
2022-05-15,73.500000,73.500000,73.500000,73.500000,0.000000,0.000000
2022-05-16,73.500000,73.500000,73.500000,73.500000,0.000000,0.000000
2022-05-17,73.500000,73.500000,73.500000,73.500000,0.000000,0.000000
2022-05-18,73.500000,73.500000,73.500000,73.500000,0.000000,0.000000
2022-05-19,73.500000,73.500000,73.500000,73.500000,0.000000,0.000000
2022-05-23,76.500000,76.500000,76.500000,76.500000,0.013080,4.081633
2022-05-24,76.500000,76.500000,76.500000,76.500000,0.014000,0.000000
2022-05-25,76.500000,76.500000,76.500000,76.500000,0.000000,0.000000
2022-05-26,76.500000,76.500000,76.500000,76.500000,0.000000,0.000000
2022-05-29,76.500000,76.500000,76.500000,76.500000,0.000000,0.000000
2022-05-30,76.500000,76.500000,76.500000,76.500000,0.000000,0.000000
2022-05-31,76.500000,76.500000,76.500000,76.500000,0.000000,0.000000
2022-06-01,76.500000,76.500000,76.500000,76.500000,0.000000,0.000000
2022-06-02,76.500000,76.500000,76.500000,76.500000,0.000000,0.000000
2022-06-05,76.500000,76.500000,76.500000,76.500000,0.000000,0.000000
2022-06-06,76.500000,76.500000,76.500000,76.500000,0.000000,0.000000
2022-06-07,76.500000,76.500000,76.500000,76.500000,0.000000,0.000000
2022-06-08,76.500000,76.500000,76.500000,76.500000,0.000000,0.000000
2022-06-09,76.500000,76.500000,76.500000,76.500000,0.000000,0.000000
2022-06-12,80.000000,80.000000,80.000000,80.000000,0.000000,4.575163
2022-06-13,80.000000,80.000000,80.000000,80.000000,0.000000,0.000000
2022-06-14,80.000000,80.000000,80.000000,80.000000,0.012193,0.000000
2022-06-15,80.000000,81.000000,80.000000,80.000000,1.107400,0.000000
2022-06-16,80.000000,80.000000,80.000000,80.000000,0.000000,0.000000
2022-06-19,80.000000,80.000000,80.000000,80.000000,0.000000,0.000000
2022-06-20,80.000000,80.000000,80.000000,80.000000,0.000000,0.000000
2022-06-21,80.000000,80.000000,80.000000,80.000000,0.000000,0.000000
2022-06-22,80.000000,80.000000,80.000000,80.000000,0.000000,0.000000
2022-06-23,80.000000,80.000000,80.000000,80.000000,0.000000,0.000000
2022-06-26,80.000000,80.000000,80.000000,80.000000,0.000000,0.000000
2022-06-27,80.000000,80.000000,80.000000,80.000000,0.000000,0.000000
2022-06-28,80.000000,80.000000,80.000000,80.000000,0.000000,0.000000
2022-06-29,80.000000,80.000000,80.000000,80.000000,0.000000,0.000000
2022-06-30,80.000000,80.000000,80.000000,80.000000,0.000000,0.000000
2022-07-03,80.000000,80.000000,80.000000,80.000000,0.000000,0.000000
2022-07-04,80.000000,80.000000,80.000000,80.000000,0.000000,0.000000
2022-07-05,80.000000,80.000000,80.000000,80.000000,0.000000,0.000000
2022-07-06,80.000000,80.000000,80.000000,80.000000,0.000000,0.000000
2022-07-07,80.000000,80.000000,80.000000,80.000000,0.000000,0.000000
2022-07-10,80.000000,80.000000,80.000000,80.000000,0.000000,0.000000
2022-07-11,80.000000,80.000000,80.000000,80.000000,0.000000,0.000000
2022-07-12,80.000000,80.000000,80.000000,80.000000,0.000000,0.000000
2022-07-13,80.000000,80.000000,80.000000,80.000000,0.000000,0.000000
2022-07-14,80.000000,80.000000,80.000000,80.000000,0.000000,0.000000
2022-07-17,80.000000,80.000000,80.000000,80.000000,0.000000,0.000000
2022-07-18,80.000000,80.000000,80.000000,80.000000,0.000000,0.000000
2022-07-19,80.000000,80.000000,80.000000,80.000000,0.000050,0.000000
2022-07-20,80.000000,80.000000,80.000000,80.000000,0.000000,0.000000
2022-07-21,81.000000,81.000000,81.000000,81.000000,0.000200,1.250000
2022-07-25,80.000000,80.000000,80.000000,80.000000,0.006814,-1.234568
2022-07-26,80.000000,80.000000,80.000000,80.000000,0.000000,0.000000
2022-07-27,80.000000,80.000000,80.000000,80.000000,0.000000,0.000000
2022-07-28,80.000000,80.000000,80.000000,80.000000,0.000000,0.000000
2022-08-01,80.000000,80.000000,80.000000,80.000000,0.000000,0.000000
2022-08-02,80.000000,80.000000,80.000000,80.000000,0.000000,0.000000
2022-08-03,84.500000,84.500000,84.500000,84.500000,0.000075,5.625000
2022-08-04,84.500000,84.500000,84.500000,84.500000,0.000000,0.000000
2022-08-08,84.500000,84.500000,84.500000,84.500000,0.000000,0.000000
2022-08-09,85.000000,85.000000,85.000000,85.000000,0.000300,0.591716
2022-08-10,85.000000,85.000000,85.000000,85.000000,0.000000,0.000000
2022-08-11,85.000000,85.000000,85.000000,85.000000,0.000000,0.000000
2022-08-15,80.000000,80.000000,76.500000,76.500000,0.048672,-10.000000
2022-08-16,76.500000,76.500000,75.000000,75.000000,0.000288,-1.960784
2022-08-17,77.000000,77.000000,77.000000,77.000000,0.000029,2.666667
2022-08-18,77.000000,77.000000,77.000000,77.000000,0.000029,0.000000
2022-08-22,78.050003,78.050003,78.050003,78.050003,0.000035,1.363640
2022-08-23,79.050003,79.050003,79.050003,79.050003,0.000024,1.281230
2022-08-24,80.000000,80.000000,80.000000,80.000000,0.000030,1.201767
2022-08-25,80.000000,80.000000,80.000000,80.000000,0.000000,0.000000
2022-08-29,79.000000,79.000000,79.000000,79.000000,0.000000,-1.250000
2022-08-30,79.000000,79.000000,79.000000,79.000000,0.000000,0.000000
2022-08-31,79.000000,81.000000,79.000000,81.000000,0.102500,2.531646
2022-09-01,81.000000,81.000000,81.000000,81.000000,0.000000,0.000000
2022-09-05,73.599998,73.599998,73.599998,73.599998,0.000296,-9.135804
2022-09-06,78.900002,79.000000,73.500000,79.000000,0.175839,7.336959
2022-09-07,80.000000,80.000000,80.000000,80.000000,1.486027,1.265823
2022-09-08,80.000000,80.000000,80.000000,80.000000,0.000000,0.000000
2022-09-12,87.000000,88.000000,87.000000,88.000000,0.000649,10.000000
2022-09-13,95.000000,95.000000,95.000000,95.000000,0.002000,7.954545
2022-09-14,95.000000,95.000000,95.000000,95.000000,0.000000,0.000000
2022-09-15,95.000000,95.000000,95.000000,95.000000,0.000000,0.000000
2022-09-19,100.000000,100.000000,100.000000,100.000000,0.000020,5.263158
2022-09-20,100.000000,100.000000,100.000000,100.000000,0.000000,0.000000
2022-09-21,100.000000,100.000000,100.000000,100.000000,0.000000,0.000000
2022-09-22,100.000000,100.000000,100.000000,100.000000,0.000008,0.000000
2022-09-26,100.000000,100.000000,100.000000,100.000000,0.000000,0.000000
2022-09-27,100.000000,100.000000,100.000000,100.000000,0.000000,0.000000
2022-09-28,100.000000,100.000000,100.000000,100.000000,0.000000,0.000000
2022-09-29,100.000000,100.000000,100.000000,100.000000,0.000000,0.000000
2022-10-03,105.000000,105.000000,103.500000,103.500000,0.000502,3.500000
2022-10-04,103.500000,103.500000,103.500000,103.500000,0.000024,0.000000
2022-10-05,103.500000,103.500000,103.500000,103.500000,0.000000,0.000000
2022-10-06,103.500000,103.500000,103.500000,103.500000,0.000000,0.000000
2022-10-10,103.500000,103.500000,103.500000,103.500000,0.000000,0.000000
2022-10-11,103.500000,103.500000,103.500000,103.500000,0.000100,0.000000
2022-10-12,103.500000,103.500000,103.500000,103.500000,0.000000,0.000000
2022-10-13,103.500000,103.500000,103.500000,103.500000,0.000000,0.000000
2022-10-17,103.500000,103.500000,103.500000,103.500000,0.000000,0.000000
2022-10-18,103.500000,103.500000,103.500000,103.500000,0.000000,0.000000
2022-10-19,103.500000,103.500000,103.500000,103.500000,0.000000,0.000000
2022-10-20,103.500000,103.500000,103.500000,103.500000,0.000000,0.000000
2022-10-24,103.500000,103.500000,103.500000,103.500000,0.000000,0.000000
2022-10-25,103.500000,103.500000,103.500000,103.500000,0.000000,0.000000
2022-10-26,103.500000,103.500000,103.500000,103.500000,0.000000,0.000000
2022-10-27,103.500000,103.500000,103.500000,103.500000,0.000000,0.000000
2022-10-31,103.000000,103.000000,103.000000,103.000000,0.000000,-0.483092
2022-11-01,103.000000,103.000000,103.000000,103.000000,0.000000,0.000000
2022-11-02,103.000000,103.000000,103.000000,103.000000,0.000000,0.000000
2022-11-03,103.000000,103.000000,103.000000,103.000000,0.000000,0.000000
2022-11-07,103.000000,103.000000,103.000000,103.000000,0.000000,0.000000
2022-11-08,103.000000,103.000000,103.000000,103.000000,0.000000,0.000000
2022-11-09,103.000000,103.000000,103.000000,103.000000,0.000000,0.000000
2022-11-10,103.000000,103.000000,103.000000,103.000000,0.000000,0.000000
2022-11-14,103.000000,103.000000,103.000000,103.000000,0.000000,0.000000
2022-11-15,103.000000,103.000000,103.000000,103.000000,0.000000,0.000000
2022-11-16,95.000000,100.000000,95.000000,100.000000,0.000402,-2.912621
2022-11-17,100.000000,100.000000,100.000000,100.000000,0.000000,0.000000
2022-11-21,100.000000,100.000000,100.000000,100.000000,0.000000,0.000000
2022-11-22,100.000000,100.000000,100.000000,100.000000,0.000000,0.000000
2022-11-23,100.000000,100.000000,100.000000,100.000000,0.000000,0.000000
2022-11-24,100.000000,100.000000,100.000000,100.000000,0.000000,0.000000
2022-11-28,97.500000,97.500000,97.500000,97.500000,0.000000,-2.500000
2022-11-29,97.500000,97.500000,97.500000,97.500000,0.069285,0.000000
2022-11-30,97.500000,97.500000,97.500000,97.500000,0.000000,0.000000
2022-12-01,97.500000,97.500000,97.500000,97.500000,0.000000,0.000000
2022-12-05,97.500000,97.500000,97.500000,97.500000,0.000000,0.000000
2022-12-06,97.500000,97.500000,97.500000,97.500000,0.000044,0.000000
2022-12-07,97.500000,97.500000,97.500000,97.500000,0.000000,0.000000
2022-12-08,97.500000,97.500000,97.500000,97.500000,0.000000,0.000000
2022-12-12,97.500000,97.500000,97.500000,97.500000,0.000000,0.000000
2022-12-13,97.500000,97.500000,97.500000,97.500000,0.000000,0.000000
2022-12-14,97.500000,97.500000,97.500000,97.500000,0.000000,0.000000
2022-12-15,97.500000,97.500000,97.500000,97.500000,0.000000,0.000000
2022-12-19,97.500000,97.500000,97.500000,97.500000,0.095470,0.000000
2022-12-20,97.500000,97.500000,97.500000,97.500000,0.000000,0.000000
2022-12-21,97.500000,97.500000,97.500000,97.500000,0.000000,0.000000
2022-12-22,97.500000,97.500000,97.500000,97.500000,0.000500,0.000000
2022-12-26,97.500000,97.500000,97.500000,97.500000,0.000000,0.000000
2022-12-27,97.500000,97.500000,97.500000,97.500000,0.000000,0.000000
2022-12-28,97.500000,97.500000,97.500000,97.500000,0.000000,0.000000
2022-12-29,97.500000,97.500000,97.500000,97.500000,0.000000,0.000000
2023-01-02,97.500000,97.500000,97.500000,97.500000,0.000000,0.000000
2023-01-03,97.500000,97.500000,97.500000,97.500000,0.000000,0.000000
2023-01-04,97.500000,97.500000,97.500000,97.500000,0.000000,0.000000
2023-01-05,97.500000,97.500000,97.500000,97.500000,0.000000,0.000000
2023-01-09,97.500000,97.500000,97.500000,97.500000,0.000000,0.000000
2023-01-10,97.500000,97.500000,97.500000,97.500000,0.000000,0.000000
2023-01-11,97.500000,97.500000,97.500000,97.500000,0.000000,0.000000
2023-01-12,97.000000,97.000000,97.000000,97.000000,0.011300,-0.512821
2023-01-16,97.000000,97.000000,97.000000,97.000000,0.000000,0.000000
2023-01-17,97.000000,97.000000,97.000000,97.000000,0.000000,0.000000
2023-01-18,97.000000,97.000000,97.000000,97.000000,0.002752,0.000000
2023-01-19,97.000000,97.000000,97.000000,97.000000,0.000000,0.000000
2023-01-23,97.000000,97.000000,97.000000,97.000000,0.000000,0.000000
2023-01-24,100.000000,100.000000,100.000000,100.000000,0.005472,3.092784
2023-01-25,100.000000,100.000000,100.000000,100.000000,0.000000,0.000000
2023-01-26,100.000000,100.000000,100.000000,100.000000,0.000000,0.000000
2023-01-30,100.000000,100.000000,100.000000,100.000000,0.000000,0.000000
2023-01-31,100.000000,100.000000,100.000000,100.000000,0.000000,0.000000
2023-02-01,115.000000,115.000000,103.000000,103.000000,0.001157,3.000000
2023-02-02,103.000000,103.000000,103.000000,103.000000,0.000000,0.000000
2023-02-06,119.000000,120.000000,119.000000,120.000000,0.000090,16.504854
2023-02-07,120.000000,120.000000,120.000000,120.000000,0.000000,0.000000
2023-02-08,120.000000,120.000000,120.000000,120.000000,0.000000,0.000000
2023-02-09,119.000000,126.199997,119.000000,126.199997,0.012190,5.166664
2023-02-13,125.000000,125.000000,125.000000,125.000000,0.168233,-0.950869
2023-02-14,125.000000,125.000000,125.000000,125.000000,0.000000,0.000000
2023-02-15,125.000000,125.000000,125.000000,125.000000,0.000000,0.000000
2023-02-16,125.000000,125.000000,125.000000,125.000000,0.000000,0.000000
2023-02-20,125.000000,125.000000,125.000000,125.000000,0.000000,0.000000
2023-02-21,125.000000,125.000000,125.000000,125.000000,0.000000,0.000000
2023-02-22,125.000000,125.000000,125.000000,125.000000,0.000000,0.000000
2023-02-23,135.000000,135.000000,132.000000,132.000000,0.001650,5.600000
2023-02-27,132.000000,132.000000,132.000000,132.000000,0.000000,0.000000
2023-02-28,132.000000,132.000000,132.000000,132.000000,0.000000,0.000000
2023-03-01,132.000000,132.000000,132.000000,132.000000,0.001100,0.000000
2023-03-02,132.000000,132.000000,132.000000,132.000000,0.001500,0.000000
2023-03-06,117.500000,117.500000,115.000000,115.000000,0.001500,-12.878788
2023-03-07,115.000000,115.000000,115.000000,115.000000,0.000000,0.000000
2023-03-08,115.000000,115.000000,115.000000,115.000000,0.000000,0.000000
2023-03-09,115.000000,115.000000,115.000000,115.000000,0.000000,0.000000
2023-03-13,115.000000,115.000000,115.000000,115.000000,0.000000,0.000000
2023-03-14,115.000000,115.000000,115.000000,115.000000,0.000000,0.000000
2023-03-15,115.000000,115.000000,115.000000,115.000000,0.000000,0.000000
2023-03-16,115.000000,115.000000,115.000000,115.000000,0.000000,0.000000
2023-03-20,115.000000,115.000000,115.000000,115.000000,0.000000,0.000000
2023-03-21,115.000000,115.000000,115.000000,115.000000,0.000000,0.000000
2023-03-22,115.000000,115.000000,115.000000,115.000000,0.000000,0.000000
2023-03-23,115.000000,115.000000,115.000000,115.000000,0.000000,0.000000
2023-03-27,115.000000,115.000000,115.000000,115.000000,0.000000,0.000000
2023-03-28,116.000000,116.000000,116.000000,116.000000,0.000042,0.869565
2023-03-29,116.000000,116.000000,116.000000,116.000000,0.000000,0.000000
2023-03-30,116.000000,116.000000,116.000000,116.000000,0.000000,0.000000
2023-04-03,120.000000,120.000000,120.000000,120.000000,0.000000,3.448276
2023-04-04,120.000000,120.000000,120.000000,120.000000,0.000000,0.000000
2023-04-05,120.000000,120.000000,120.000000,120.000000,0.000000,0.000000
2023-04-06,120.000000,120.000000,120.000000,120.000000,0.000000,0.000000
2023-04-10,115.000000,115.000000,115.000000,115.000000,0.000000,-4.166667
2023-04-11,115.000000,115.000000,115.000000,115.000000,0.000000,0.000000
2023-04-12,115.000000,115.000000,115.000000,115.000000,0.000000,0.000000
2023-04-13,115.000000,115.000000,115.000000,115.000000,0.000000,0.000000
2023-04-17,120.000000,120.000000,120.000000,120.000000,0.000000,4.347826
2023-04-18,120.000000,120.000000,120.000000,120.000000,0.000000,0.000000
2023-04-19,120.000000,120.000000,120.000000,120.000000,0.000000,0.000000
2023-04-20,120.000000,120.000000,120.000000,120.000000,0.000000,0.000000
2023-04-24,120.000000,120.000000,120.000000,120.000000,0.000404,0.000000
2023-04-25,120.000000,120.000000,120.000000,120.000000,0.000000,0.000000
2023-04-26,120.000000,120.000000,120.000000,120.000000,0.000000,0.000000
2023-04-27,120.000000,120.000000,120.000000,120.000000,0.000000,0.000000
2023-05-01,120.000000,120.000000,120.000000,120.000000,0.000000,0.000000
2023-05-02,120.000000,120.000000,120.000000,120.000000,0.000000,0.000000
2023-05-03,120.000000,120.000000,120.000000,120.000000,0.000000,0.000000
2023-05-04,120.000000,120.000000,120.000000,120.000000,0.000000,0.000000
2023-05-08,120.000000,120.000000,120.000000,120.000000,0.000000,0.000000
2023-05-09,120.000000,120.000000,120.000000,120.000000,0.000000,0.000000
2023-05-10,120.000000,120.000000,120.000000,120.000000,0.000000,0.000000
2023-05-11,120.000000,120.000000,120.000000,120.000000,0.000000,0.000000
2023-05-15,120.000000,120.000000,120.000000,120.000000,0.000000,0.000000
2023-05-16,120.000000,120.000000,120.000000,120.000000,0.000000,0.000000
2023-05-17,121.000000,121.000000,121.000000,121.000000,0.000027,0.833333
2023-05-18,121.000000,121.000000,121.000000,121.000000,0.000000,0.000000
2023-05-22,121.000000,121.000000,121.000000,121.000000,0.000000,0.000000
2023-05-23,121.000000,121.000000,121.000000,121.000000,0.000000,0.000000
2023-05-24,121.000000,121.000000,121.000000,121.000000,0.000000,0.000000
2023-05-25,121.000000,121.000000,121.000000,121.000000,0.000000,0.000000
2023-05-29,125.000000,125.000000,125.000000,125.000000,0.000000,3.305785
2023-05-30,125.000000,125.000000,125.000000,125.000000,0.000000,0.000000
2023-05-31,134.000000,134.000000,125.000000,125.000000,0.000122,0.000000
2023-06-01,125.000000,125.000000,125.000000,125.000000,0.000000,0.000000
2023-06-05,129.000000,140.000000,129.000000,140.000000,0.000003,12.000000
2023-06-06,140.000000,140.000000,140.000000,140.000000,0.000010,0.000000
2023-06-07,140.000000,140.000000,140.000000,140.000000,0.000000,0.000000
2023-06-08,140.000000,140.000000,140.000000,140.000000,0.000257,0.000000
2023-06-12,140.000000,140.000000,140.000000,140.000000,0.000000,0.000000
2023-06-13,140.000000,140.000000,140.000000,140.000000,0.000036,0.000000
2023-06-14,140.000000,140.000000,140.000000,140.000000,0.000035,0.000000
2023-06-15,140.000000,140.000000,140.000000,140.000000,0.000000,0.000000
2023-06-19,128.100006,145.000000,128.100006,145.000000,0.000032,3.571429
2023-06-20,145.000000,145.000000,145.000000,145.000000,0.000000,0.000000
2023-06-21,145.000000,145.000000,145.000000,145.000000,0.000010,0.000000
2023-06-22,140.000000,140.000000,140.000000,140.000000,0.000022,-3.448276
2023-06-26,140.000000,140.000000,140.000000,140.000000,0.000000,0.000000
2023-06-27,140.000000,140.000000,140.000000,140.000000,0.000000,0.000000
2023-06-28,140.000000,140.000000,140.000000,140.000000,0.000000,0.000000
2023-06-29,140.000000,140.000000,140.000000,140.000000,0.000000,0.000000
2023-07-03,140.000000,140.000000,140.000000,140.000000,0.000000,0.000000
2023-07-04,140.000000,140.000000,140.000000,140.000000,0.000000,0.000000
2023-07-05,150.000000,150.000000,150.000000,150.000000,0.000026,7.142857
2023-07-06,150.000000,170.000000,136.000000,157.500000,0.000090,5.000000
2023-07-10,156.000000,156.000000,156.000000,156.000000,0.000537,-0.952381
2023-07-11,145.000000,145.000000,145.000000,145.000000,0.000246,-7.051282
2023-07-12,145.000000,145.000000,145.000000,145.000000,0.000074,0.000000
2023-07-13,145.000000,145.000000,145.000000,145.000000,0.000006,0.000000
2023-07-17,145.000000,145.000000,145.000000,145.000000,0.000135,0.000000
2023-07-18,157.899994,157.899994,130.500000,144.000000,0.000166,-0.689655
2023-07-19,157.899994,157.899994,144.000000,144.000000,0.000066,0.000000
2023-07-20,144.000000,144.000000,143.600006,143.600006,0.000027,-0.277774
2023-07-24,144.000000,144.000000,140.000000,140.000000,0.002756,-2.506968
2023-07-25,144.000000,144.000000,144.000000,144.000000,0.000027,2.857143
2023-07-26,144.000000,144.000000,144.000000,144.000000,0.000009,0.000000
2023-07-27,144.000000,144.000000,135.250000,144.000000,0.000086,0.000000
2023-07-31,144.000000,144.000000,144.000000,144.000000,0.000000,0.000000
2023-08-01,144.000000,144.000000,135.000000,144.000000,0.004119,0.000000
2023-08-02,146.000000,146.000000,135.500000,146.000000,0.000273,1.388889
2023-08-03,146.000000,146.000000,146.000000,146.000000,0.000000,0.000000
2023-08-07,140.000000,155.000000,140.000000,154.000000,0.000116,5.479452
2023-08-08,155.000000,155.000000,152.000000,154.000000,0.000048,0.000000
2023-08-09,155.000000,155.000000,155.000000,155.000000,0.000002,0.649351
2023-08-10,154.000000,154.000000,154.000000,154.000000,0.000013,-0.645161
2023-08-14,154.000000,154.000000,154.000000,154.000000,0.000000,0.000000
2023-08-15,155.000000,155.000000,145.000000,145.000000,0.000247,-5.844156
2023-08-16,145.000000,145.000000,145.000000,145.000000,0.000000,0.000000
2023-08-17,145.000000,145.000000,140.000000,142.500000,0.000989,-1.724138
2023-08-21,142.500000,148.000000,142.500000,145.000000,0.000314,1.754386
2023-08-22,145.000000,150.000000,145.000000,150.000000,0.000332,3.448276
2023-08-23,147.899994,148.000000,145.000000,145.000000,0.000140,-3.333333
2023-08-24,148.000000,148.000000,147.000000,147.000000,0.004220,1.379310
2023-08-28,148.000000,150.000000,148.000000,150.000000,0.000670,2.040816
2023-08-29,149.000000,149.000000,148.500000,148.500000,0.001300,-1.000000
2023-08-30,150.000000,150.000000,150.000000,150.000000,0.000010,1.010101
2023-08-31,150.000000,150.000000,150.000000,150.000000,0.000000,0.000000
2023-09-04,150.000000,150.000000,150.000000,150.000000,0.000000,0.000000
2023-09-05,149.000000,150.000000,149.000000,150.000000,0.003649,0.000000
2023-09-06,150.000000,150.000000,150.000000,150.000000,0.000000,0.000000
2023-09-07,150.000000,152.000000,150.000000,150.000000,0.000364,0.000000
2023-09-11,155.000000,155.000000,147.500000,155.000000,0.000157,3.333333
2023-09-12,155.000000,155.000000,155.000000,155.000000,0.000000,0.000000
2023-09-13,155.000000,155.000000,155.000000,155.000000,0.000000,0.000000
2023-09-14,151.000000,151.000000,151.000000,151.000000,0.000238,-2.580645
2023-09-18,154.899994,155.000000,150.000000,150.000000,0.012042,-0.662252
2023-09-19,150.050003,160.000000,150.050003,160.000000,0.000214,6.666667
2023-09-20,159.000000,159.000000,159.000000,159.000000,0.000002,-0.625000
2023-09-21,165.000000,165.000000,165.000000,165.000000,0.000400,3.773585
2023-09-25,160.000000,160.000000,160.000000,160.000000,0.000040,-3.030303
2023-09-26,160.000000,160.000000,151.000000,160.000000,0.000097,0.000000
2023-09-27,160.000000,160.000000,160.000000,160.000000,0.000000,0.000000
2023-09-28,151.000000,151.000000,151.000000,151.000000,0.000135,-5.625000
2023-10-02,151.000000,151.000000,151.000000,151.000000,0.000000,0.000000
2023-10-03,153.000000,153.000000,152.000000,152.000000,0.000600,0.662252
2023-10-04,153.000000,153.000000,152.000000,152.000000,0.000600,0.000000
2023-10-05,153.000000,153.000000,152.000000,152.000000,0.000600,0.000000
2023-10-09,151.000000,151.000000,150.000000,150.000000,0.000710,-1.315789
2023-10-10,150.000000,150.000000,150.000000,150.000000,0.000262,0.000000
2023-10-11,150.000000,150.000000,150.000000,150.000000,0.000262,0.000000
2023-10-12,150.000000,150.000000,150.000000,150.000000,0.000262,0.000000
2023-10-16,144.000000,155.000000,144.000000,149.000000,0.000523,-0.666667
2023-10-17,144.000000,155.000000,144.000000,149.000000,0.000523,0.000000
2023-10-18,149.000000,149.000000,149.000000,149.000000,0.000100,0.000000
2023-10-19,149.000000,149.000000,149.000000,149.000000,0.000100,0.000000
2023-10-23,145.000000,152.000000,145.000000,152.000000,0.000042,2.013423
2023-10-24,145.000000,152.000000,145.000000,152.000000,0.000042,0.000000
2023-10-25,145.000000,152.000000,145.000000,152.000000,0.000042,0.000000
2023-10-26,145.000000,152.000000,145.000000,152.000000,0.000042,0.000000
2023-10-30,160.000000,160.000000,150.000000,159.000000,0.000262,4.605263
2023-10-31,160.000000,160.000000,150.000000,159.000000,0.000262,0.000000
2023-11-01,158.949997,159.000000,158.949997,159.000000,0.000100,0.000000
2023-11-02,155.000000,155.050003,155.000000,155.000000,0.000060,-2.515723
2023-11-06,159.000000,160.000000,155.000000,155.000000,0.012200,0.000000
2023-11-07,155.000000,163.000000,155.000000,163.000000,0.003347,5.161290
2023-11-08,162.949997,163.000000,162.899994,163.000000,0.004000,0.000000
2023-11-09,163.000000,163.000000,156.500000,156.500000,0.001501,-3.987730
2023-11-13,162.000000,163.000000,162.000000,163.000000,0.000110,4.153355
2023-11-14,160.000000,162.899994,160.000000,162.899994,0.000005,-0.061353
2023-11-15,158.000000,158.000000,158.000000,158.000000,0.000001,-3.007977
2023-11-16,163.000000,163.000000,161.000000,161.000000,0.000210,1.898734
2023-11-20,160.000000,160.000000,157.000000,157.000000,0.048340,-2.484472
2023-11-21,155.000000,155.000000,155.000000,155.000000,0.000400,-1.273885
2023-11-22,155.050003,155.050003,154.949997,154.949997,0.000240,-0.032260
2023-11-23,154.000000,154.000000,154.000000,154.000000,0.000257,-0.613099
2023-11-27,153.750000,155.000000,153.500000,155.000000,0.000386,0.649351
2023-11-28,153.750000,155.000000,153.500000,155.000000,0.000386,0.000000
2023-11-29,153.300003,153.300003,153.000000,153.000000,0.000160,-1.290323
2023-11-30,155.000000,155.000000,155.000000,155.000000,0.001001,1.307190
2023-12-04,155.000000,155.000000,155.000000,155.000000,0.000000,0.000000
2023-12-05,155.000000,155.000000,155.000000,155.000000,0.001001,0.000000
2023-12-06,156.000000,156.000000,148.000000,148.000000,0.002791,-4.516129
2023-12-07,147.000000,154.500000,147.000000,152.000000,0.000651,2.702703
2023-12-11,152.000000,154.899994,152.000000,154.899994,0.000101,1.907891
2023-12-12,152.000000,154.899994,152.000000,154.899994,0.000101,0.000000
2023-12-13,152.000000,154.899994,152.000000,154.899994,0.000101,0.000000
2023-12-14,154.000000,154.000000,154.000000,154.000000,0.000003,-0.581016
2023-12-18,154.000000,154.000000,154.000000,154.000000,0.000003,0.000000
2023-12-19,154.000000,154.000000,154.000000,154.000000,0.000003,0.000000
2023-12-20,154.000000,154.000000,154.000000,154.000000,0.000010,0.000000
2023-12-21,154.000000,154.000000,154.000000,154.000000,0.000010,0.000000
2023-12-25,154.000000,155.899994,152.000000,153.000000,0.000146,-0.649351
2023-12-26,154.000000,155.899994,152.000000,153.000000,0.000146,0.000000
2023-12-27,154.000000,155.899994,152.000000,153.000000,0.000146,0.000000
2023-12-28,154.000000,156.000000,152.000000,156.000000,0.001084,1.960784
2024-01-01,152.000000,152.000000,152.000000,152.000000,0.000000,-2.564103
2024-01-02,153.000000,153.000000,153.000000,153.000000,0.000110,0.657895
2024-01-03,153.000000,153.000000,153.000000,153.000000,0.000110,0.000000
2024-01-04,151.000000,156.899994,150.000000,153.000000,0.000549,0.000000
2024-01-08,153.000000,153.000000,152.000000,152.000000,0.000062,-0.653595
2024-01-09,151.000000,151.000000,151.000000,151.000000,0.000030,-0.657895
2024-01-10,151.000000,154.000000,151.000000,154.000000,0.000070,1.986755
2024-01-11,151.000000,154.000000,151.000000,154.000000,0.000070,0.000000
2024-01-15,155.000000,155.000000,155.000000,155.000000,0.000002,0.649351
2024-01-16,155.000000,160.000000,155.000000,155.000000,0.000340,0.000000
2024-01-17,155.000000,160.000000,155.000000,155.000000,0.000340,0.000000
2024-01-18,152.500000,152.500000,152.500000,152.500000,0.000005,-1.612903
2024-01-22,152.000000,154.500000,152.000000,154.500000,0.000542,1.311475
2024-01-23,155.000000,168.250000,152.000000,168.250000,0.001804,8.899676
2024-01-24,160.000000,165.000000,155.000000,165.000000,0.000491,-1.931649
2024-01-25,165.000000,168.250000,165.000000,168.250000,0.000129,1.969697
2024-01-29,168.000000,168.000000,168.000000,168.000000,0.000001,-0.148588
2024-01-30,173.000000,190.250000,173.000000,190.250000,0.000896,13.244048
2024-01-31,210.000000,218.500000,185.000000,196.000000,0.000157,3.022339
2024-02-01,200.000000,225.399994,195.000000,210.000000,0.000823,7.142857
2024-02-05,210.000000,225.000000,195.000000,212.000000,0.000850,0.952381
2024-02-06,212.000000,212.000000,195.000000,195.000000,0.000293,-8.018868
2024-02-07,195.000000,195.000000,195.000000,195.000000,0.000000,0.000000
2024-02-08,205.000000,210.000000,205.000000,205.000000,0.000290,5.128205
2024-02-12,200.000000,200.000000,193.000000,199.500000,0.000222,-2.682927
2024-02-13,199.500000,205.000000,199.500000,204.000000,0.000146,2.255639
2024-02-14,199.500000,205.000000,199.500000,204.000000,0.000146,0.000000
2024-02-15,199.500000,205.000000,199.500000,204.000000,0.000146,0.000000
2024-02-19,202.000000,202.000000,198.000000,198.000000,0.001175,-2.941176
2024-02-20,209.000000,209.000000,204.000000,204.000000,0.000047,3.030303
2024-02-21,204.000000,204.000000,204.000000,204.000000,0.000000,0.000000
2024-02-22,199.000000,204.000000,184.500000,204.000000,0.000751,0.000000
2024-02-26,199.000000,199.000000,195.000000,195.000000,0.001150,-4.411765
2024-02-27,199.000000,200.000000,198.000000,198.050003,0.000068,1.564104
2024-02-28,203.000000,203.000000,198.050003,198.050003,0.000375,0.000000
2024-02-29,200.000000,206.000000,183.000000,205.000000,0.000700,3.509213
2024-03-04,204.000000,214.949997,190.000000,199.000000,0.002313,-2.926829
2024-03-05,200.000000,200.000000,190.000000,194.949997,0.002447,-2.035177
2024-03-06,200.000000,203.000000,189.000000,195.000000,0.003342,0.025649
2024-03-07,206.000000,206.000000,190.000000,190.000000,0.000718,-2.564103
2024-03-11,197.000000,203.000000,190.000000,199.000000,0.003601,4.736842
2024-03-12,196.000000,196.000000,188.500000,189.949997,0.000535,-4.547740
2024-03-13,190.000000,200.000000,189.949997,190.149994,0.002108,0.105289
2024-03-14,191.000000,197.000000,190.050003,190.050003,0.002796,-0.052585
2024-03-18,187.500000,187.500000,183.000000,187.000000,0.000050,-1.604842
2024-03-19,187.000000,189.000000,178.000000,178.500000,0.001743,-4.545455
2024-03-20,185.000000,185.000000,175.000000,180.000000,0.000768,0.840336
2024-03-21,183.000000,186.000000,175.000000,177.000000,0.000681,-1.666667
2024-03-25,173.000000,185.000000,171.000000,171.000000,0.003128,-3.389831
2024-03-26,175.000000,179.000000,170.000000,170.000000,0.003808,-0.584795
2024-03-27,172.000000,176.000000,165.000000,169.000000,0.001059,-0.588235
2024-03-28,170.000000,170.000000,165.000000,168.000000,0.000818,-0.591716
2024-04-01,168.000000,168.000000,168.000000,168.000000,0.000000,0.000000
2024-04-02,173.000000,175.000000,171.000000,173.000000,0.000172,2.976190
2024-04-03,174.000000,179.000000,171.000000,171.000000,0.000253,-1.156069
2024-04-04,174.000000,184.000000,174.000000,179.000000,0.000075,4.678363
2024-04-15,175.000000,175.000000,175.000000,175.000000,0.000025,-2.234637
2024-04-16,175.000000,175.000000,175.000000,175.000000,0.000025,0.000000
2024-04-17,172.000000,172.000000,172.000000,172.000000,0.000045,-1.714286
2024-04-18,174.000000,180.000000,172.000000,172.000000,0.001348,0.000000
2024-04-22,174.000000,180.000000,172.000000,172.000000,0.001348,0.000000
2024-04-23,175.000000,175.000000,165.000000,171.000000,0.000118,-0.581395
2024-04-24,174.000000,175.000000,174.000000,175.000000,0.000863,2.339181
2024-04-25,183.000000,183.000000,177.000000,180.000000,0.000073,2.857143
2024-04-29,180.000000,184.000000,178.000000,184.000000,0.000313,2.222222
2024-04-30,184.000000,184.000000,176.000000,176.000000,0.000347,-4.347826
2024-05-01,183.949997,199.000000,177.000000,184.000000,0.001772,4.545455
2024-05-02,185.000000,192.000000,179.000000,191.000000,0.000357,3.804348
2024-05-06,189.949997,189.949997,189.949997,189.949997,0.000050,-0.549740
2024-05-07,189.000000,191.850006,189.000000,191.850006,0.000030,1.000268
2024-05-08,189.000000,191.850006,189.000000,191.850006,0.000030,0.000000
2024-05-09,191.899994,192.000000,191.899994,192.000000,0.000175,0.078183
2024-05-13,191.000000,192.000000,191.000000,192.000000,0.000230,0.000000
2024-05-14,192.000000,192.000000,187.000000,192.000000,0.000151,0.000000
2024-05-15,192.000000,194.000000,192.000000,193.000000,0.065595,0.520833
2024-05-16,197.000000,197.000000,190.000000,194.500000,0.000298,0.777202
2024-05-20,190.000000,190.000000,190.000000,190.000000,0.000152,-2.313625
2024-05-21,194.449997,194.449997,191.000000,191.000000,0.000171,0.526316
2024-05-22,194.449997,196.000000,190.000000,193.000000,0.001685,1.047120
2024-05-23,190.000000,193.000000,190.000000,192.000000,0.002969,-0.518135
2024-05-27,193.000000,193.000000,193.000000,193.000000,0.001344,0.520833
2024-05-28,198.000000,199.899994,193.000000,193.000000,0.000164,0.000000
2024-05-29,193.000000,193.000000,192.000000,193.000000,0.003600,0.000000
2024-05-30,200.000000,200.000000,193.000000,195.000000,0.000822,1.036269
2024-06-03,198.000000,198.000000,194.000000,194.000000,0.000010,-0.512821
2024-06-04,197.000000,198.000000,196.000000,196.000000,0.000447,1.030928
2024-06-05,200.000000,200.000000,198.000000,198.000000,0.001441,1.020408
2024-06-06,200.000000,200.000000,196.000000,196.000000,0.000439,-1.010101
2024-06-10,199.000000,199.000000,196.000000,196.000000,0.000242,0.000000
2024-06-11,197.000000,197.000000,197.000000,197.000000,0.000005,0.510204
2024-06-12,197.000000,197.000000,197.000000,197.000000,0.000226,0.000000
2024-06-13,197.000000,197.000000,197.000000,197.000000,0.000226,0.000000
2024-06-20,194.500000,194.500000,191.000000,191.000000,0.000338,-3.045685
2024-06-24,194.000000,196.000000,194.000000,196.000000,0.000011,2.617801
2024-06-25,196.000000,196.000000,194.000000,194.000000,0.000020,-1.020408
2024-06-26,195.000000,195.000000,194.500000,194.899994,0.000112,0.463914
2024-06-27,195.000000,196.000000,195.000000,196.000000,0.000013,0.564395
2024-07-01,197.000000,199.000000,195.000000,199.000000,0.010177,1.530612
2024-07-02,199.000000,199.000000,199.000000,199.000000,0.000003,0.000000
2024-07-03,199.000000,199.000000,199.000000,199.000000,0.000003,0.000000
2024-07-04,197.500000,198.000000,197.500000,198.000000,0.000024,-0.502513
2024-07-08,199.500000,199.500000,199.500000,199.500000,0.000413,0.757576
2024-07-09,200.000000,200.000000,199.500000,200.000000,0.000161,0.250627
2024-07-10,200.000000,200.000000,199.500000,199.500000,0.000332,-0.250000
2024-07-11,200.949997,201.000000,200.949997,200.949997,0.000043,0.726816
2024-07-15,210.000000,210.000000,200.000000,205.000000,0.000044,2.015428
2024-07-16,205.000000,209.000000,205.000000,209.000000,0.000009,1.951220
2024-07-17,209.000000,209.000000,209.000000,209.000000,0.000058,0.000000
2024-07-18,209.000000,209.000000,206.000000,206.000000,0.000336,-1.435407
2024-07-22,202.000000,207.000000,202.000000,203.000000,0.000020,-1.456311
2024-07-23,213.000000,214.000000,202.000000,202.000000,0.000216,-0.492611
2024-07-24,213.000000,213.000000,212.000000,213.000000,0.000060,5.445545
2024-07-25,213.000000,213.000000,212.000000,213.000000,0.000060,0.000000
2024-07-29,223.949997,224.000000,223.000000,223.949997,0.000119,5.140844
2024-07-30,212.000000,221.949997,205.000000,207.750000,0.000783,-7.233756
2024-07-31,217.000000,222.949997,208.000000,221.949997,0.000064,6.835137
2024-08-01,219.949997,219.949997,219.949997,219.949997,0.000005,-0.901104
2024-08-05,207.500000,216.000000,200.000000,200.000000,0.001530,-9.070242
2024-08-06,214.000000,214.000000,209.000000,209.000000,0.000114,4.500000
2024-08-07,214.000000,215.000000,209.100006,209.100006,0.000027,0.047850
2024-08-08,214.000000,214.000000,214.000000,214.000000,0.000011,2.343373
2024-08-12,214.000000,215.000000,214.000000,215.000000,0.000557,0.467290
2024-08-13,215.000000,215.000000,215.000000,215.000000,0.000001,0.000000
2024-08-14,215.000000,215.000000,215.000000,215.000000,0.000001,0.000000
2024-08-15,215.000000,215.000000,211.000000,211.000000,0.000076,-1.860465
2024-08-19,215.000000,215.000000,214.000000,215.000000,0.000191,1.895735
2024-08-20,215.000000,218.000000,215.000000,218.000000,0.000087,1.395349
2024-08-21,218.000000,218.000000,215.000000,215.000000,0.000028,-1.376147
2024-08-22,218.000000,218.000000,215.000000,215.000000,0.000028,0.000000
2024-08-26,219.000000,219.000000,219.000000,219.000000,0.000050,1.860465
2024-08-27,219.000000,219.000000,219.000000,219.000000,0.000225,0.000000
2024-08-28,218.000000,219.000000,218.000000,219.000000,0.000015,0.000000
2024-08-29,219.000000,220.000000,219.000000,220.000000,0.000039,0.456621
2024-09-02,217.000000,217.000000,215.000000,217.000000,0.000022,-1.363636
2024-09-03,219.000000,220.000000,216.000000,220.000000,0.000085,1.382488
2024-09-04,220.000000,220.000000,218.000000,218.000000,0.001583,-0.909091
2024-09-05,214.000000,214.000000,213.000000,213.000000,0.001392,-2.293578
2024-09-09,219.000000,222.000000,219.000000,220.000000,0.001610,3.286385
2024-09-10,219.899994,219.899994,218.500000,218.500000,0.000684,-0.681818
2024-09-11,219.899994,219.899994,218.500000,218.500000,0.000684,0.000000
2024-09-12,221.000000,230.000000,221.000000,223.199997,0.000422,2.151028
2024-09-16,224.000000,224.850006,223.500000,224.850006,0.000198,0.739251
2024-09-17,225.949997,225.949997,223.000000,223.000000,0.000232,-0.822773
2024-09-18,222.000000,223.000000,218.000000,219.000000,0.000374,-1.793722
2024-09-19,223.000000,223.000000,221.000000,221.000000,0.000110,0.913242
2024-09-23,225.000000,254.149994,223.000000,224.000000,0.000661,1.357466
2024-09-24,225.000000,234.000000,225.000000,232.000000,0.000558,3.571429
2024-09-25,234.000000,235.000000,226.000000,226.000000,0.000375,-2.586207
2024-09-26,235.000000,237.000000,227.000000,237.000000,0.001652,4.867257
2024-09-30,239.949997,241.000000,239.949997,241.000000,0.001400,1.687764
2024-10-01,247.000000,247.000000,224.000000,242.800003,0.001797,0.746889
2024-10-02,241.949997,242.000000,224.000000,242.000000,0.000574,-0.329491
2024-10-03,242.000000,243.000000,231.399994,242.000000,0.000274,0.000000
2024-10-07,239.949997,239.949997,239.949997,239.949997,0.000000,-0.847109
2024-10-08,234.000000,237.000000,234.000000,237.000000,0.000082,-1.229422
2024-10-09,237.000000,243.000000,236.000000,238.000000,0.000122,0.421941
2024-10-10,238.000000,238.000000,237.000000,237.000000,0.000015,-0.420168
2024-10-14,243.000000,245.800003,239.000000,239.000000,0.000321,0.843882
2024-10-15,239.000000,239.199997,239.000000,239.199997,0.000004,0.083681
2024-10-16,239.199997,239.199997,239.199997,239.199997,0.000000,0.000000
2024-10-17,245.000000,246.000000,240.199997,246.000000,0.000788,2.842811
2024-10-21,247.000000,247.000000,246.000000,247.000000,0.000099,0.406504
2024-10-22,245.000000,248.000000,245.000000,247.000000,0.000541,0.000000
2024-10-23,247.000000,249.000000,246.000000,248.000000,0.010287,0.404858
2024-10-24,250.000000,250.000000,247.199997,248.000000,0.000862,0.000000
2024-10-28,239.000000,248.000000,239.000000,248.000000,0.000589,0.000000
2024-10-29,248.000000,248.000000,247.000000,248.000000,0.000230,0.000000
2024-10-30,223.500000,245.000000,223.500000,242.000000,0.000927,-2.419355
2024-10-31,242.000000,243.000000,242.000000,242.000000,0.000286,0.000000
2024-11-04,243.000000,243.000000,238.000000,238.000000,0.002749,-1.652893
2024-11-05,238.000000,242.000000,235.000000,238.000000,0.000708,0.000000
2024-11-06,238.000000,238.000000,238.000000,238.000000,0.000000,0.000000
2024-11-07,241.899994,241.899994,241.899994,241.899994,0.000080,1.638653
2024-11-11,249.000000,249.000000,230.000000,238.000000,0.002732,-1.612234
2024-11-12,237.000000,237.000000,233.000000,234.949997,0.001239,-1.281514
2024-11-13,235.000000,235.000000,233.000000,235.000000,0.002294,0.021282
2024-11-14,234.899994,234.899994,231.000000,233.000000,0.000784,-0.851064
2024-11-18,235.000000,235.000000,231.000000,231.000000,0.000515,-0.858369
2024-11-19,231.000000,231.000000,231.000000,231.000000,0.000963,0.000000
2024-11-20,231.000000,231.000000,231.000000,231.000000,0.000963,0.000000
2024-11-21,231.000000,231.000000,229.000000,231.000000,0.001558,0.000000
2024-11-25,230.000000,230.000000,225.000000,230.000000,0.000542,-0.432900
2024-11-26,230.000000,230.000000,229.000000,230.000000,0.000037,0.000000
2024-11-27,230.000000,230.000000,211.600006,222.000000,0.002096,-3.478261
2024-11-28,229.949997,229.949997,222.050003,225.000000,0.000184,1.351351
2024-12-02,222.149994,222.149994,222.149994,222.149994,0.000000,-1.266669
2024-12-03,222.149994,222.149994,222.149994,222.149994,0.000000,0.000000
2024-12-04,223.000000,229.949997,220.000000,229.949997,0.001299,3.511143
2024-12-05,229.949997,229.949997,219.000000,219.000000,0.000704,-4.761903
2024-12-09,225.000000,226.500000,218.000000,220.000000,0.000690,0.456621
2024-12-10,230.000000,230.000000,210.000000,214.949997,0.003570,-2.295456
2024-12-11,225.000000,225.000000,212.000000,221.000000,0.000280,2.814610
2024-12-12,222.000000,222.000000,212.000000,220.949997,0.000102,-0.022626
2024-12-16,229.000000,229.000000,215.199997,218.000000,0.003892,-1.335142
2024-12-17,218.000000,224.949997,217.000000,218.000000,0.052242,0.000000
2024-12-18,218.000000,218.000000,218.000000,218.000000,0.000535,0.000000
2024-12-19,217.000000,218.000000,216.000000,216.000000,0.000157,-0.917431
2024-12-23,218.000000,218.000000,215.000000,216.000000,0.001208,0.000000
2024-12-24,218.000000,218.000000,215.000000,216.500000,0.003756,0.231481
2024-12-25,224.000000,224.000000,217.250000,217.250000,0.000626,0.346420
2024-12-26,218.000000,218.000000,214.000000,218.000000,0.000349,0.345224
2024-12-30,218.000000,218.000000,216.000000,216.000000,0.000213,-0.917431
2024-12-31,218.000000,218.000000,216.000000,218.000000,0.000789,0.925926
2025-01-02,218.000000,218.000000,217.000000,218.000000,0.001378,0.000000
2025-01-06,218.000000,224.949997,217.000000,217.000000,0.000515,-0.458716
2025-01-07,218.000000,219.949997,217.500000,218.000000,0.004815,0.460829
2025-01-08,224.899994,224.899994,218.000000,219.000000,0.001135,0.458716
2025-01-09,219.000000,219.000000,218.000000,218.000000,0.000888,-0.456621
2025-01-13,218.000000,218.000000,217.000000,218.000000,0.000932,0.000000
2025-01-14,218.000000,218.000000,217.100006,217.949997,0.003276,-0.022937
2025-01-15,218.000000,218.000000,217.899994,218.000000,0.002473,0.022942
2025-01-16,218.000000,219.899994,217.899994,217.899994,0.000538,-0.045874
2025-01-20,217.899994,217.899994,217.699997,217.899994,0.000378,0.000000
2025-01-21,217.899994,217.899994,210.000000,217.850006,0.002088,-0.022941
2025-01-22,215.000000,217.850006,211.000000,217.600006,0.000083,-0.114758
2025-01-23,217.899994,217.899994,212.000000,217.699997,0.000774,0.045952
2025-01-27,217.750000,218.000000,217.750000,217.750000,0.000050,0.022969
2025-01-28,217.000000,218.000000,216.000000,218.000000,0.000179,0.114811
2025-01-29,218.000000,218.500000,217.000000,218.500000,0.000227,0.229358
2025-01-30,218.500000,218.500000,217.000000,217.000000,0.000017,-0.686499
2025-02-03,225.000000,243.000000,225.000000,237.000000,0.000613,9.216590
2025-02-04,237.000000,239.000000,227.199997,238.000000,0.000768,0.421941
2025-02-05,238.000000,241.000000,233.000000,237.000000,0.000775,-0.420168
2025-02-06,243.000000,243.000000,242.000000,242.000000,0.000117,2.109705
2025-02-10,269.000000,269.000000,237.050003,257.000000,0.000979,6.198347
2025-02-11,259.950012,259.950012,251.000000,251.000000,0.000931,-2.334630
2025-02-12,251.000000,263.000000,247.000000,257.000000,0.001779,2.390438
2025-02-13,259.950012,259.950012,247.000000,254.500000,0.000139,-0.972763
2025-02-17,261.000000,263.000000,260.000000,261.000000,0.002253,2.554028
2025-02-18,261.000000,262.000000,261.000000,262.000000,0.000553,0.383142
2025-02-19,263.000000,263.000000,262.000000,262.000000,0.000086,0.000000
2025-02-20,263.000000,265.000000,261.000000,261.000000,0.000707,-0.381679
2025-02-24,265.000000,265.000000,258.000000,258.000000,0.000547,-1.149425
2025-02-25,259.000000,263.500000,258.000000,263.000000,0.000271,1.937984
2025-02-26,258.000000,263.000000,258.000000,262.000000,0.000473,-0.380228
2025-02-27,258.000000,263.000000,258.000000,262.000000,0.000473,0.000000
2025-03-03,264.000000,264.000000,263.000000,264.000000,0.000202,0.763359
2025-03-04,264.000000,264.000000,263.000000,263.000000,0.000319,-0.378788
2025-03-05,263.000000,263.000000,260.000000,260.000000,0.002474,-1.140684
2025-03-06,258.000000,265.000000,258.000000,264.000000,0.003047,1.538462
2025-03-10,250.000000,256.000000,250.000000,255.000000,0.000149,-3.409091
2025-03-11,255.000000,255.000000,249.000000,249.000000,0.000223,-2.352941
2025-03-12,249.000000,252.000000,249.000000,250.000000,0.000164,0.401606
2025-03-13,250.000000,250.000000,248.000000,250.000000,0.000390,0.000000
2025-03-17,250.000000,250.000000,248.000000,250.000000,0.000197,0.000000
2025-03-18,250.000000,250.000000,248.000000,248.000000,0.000057,-0.800000
2025-03-19,248.000000,249.000000,247.500000,249.000000,0.000149,0.403226
2025-03-20,247.500000,248.500000,247.000000,248.399994,0.000167,-0.240966
2025-03-24,248.500000,248.500000,240.000000,246.500000,0.000385,-0.764893
2025-03-25,248.500000,248.500000,243.000000,243.000000,0.000636,-1.419878
2025-03-26,248.500000,248.500000,240.000000,240.000000,0.000727,-1.234568
2025-03-27,230.000000,240.500000,230.000000,239.000000,0.000232,-0.416667
2025-03-31,231.000000,231.000000,231.000000,231.000000,0.000000,-3.347280
2025-04-01,231.000000,231.000000,231.000000,231.000000,0.000000,0.000000
2025-04-02,246.949997,247.000000,230.250000,247.000000,0.000629,6.926407
2025-04-03,250.000000,250.000000,247.000000,247.000000,0.000206,0.000000
2025-04-07,230.000000,235.000000,219.600006,226.000000,0.006136,-8.502024
2025-04-08,228.000000,235.000000,228.000000,233.000000,0.000328,3.097345
2025-04-09,234.000000,235.000000,222.000000,234.000000,0.000377,0.429185
2025-04-10,234.000000,234.000000,231.000000,234.000000,0.000241,0.000000
2025-04-14,246.500000,246.500000,236.000000,244.000000,0.001168,4.273504
2025-04-15,243.000000,243.000000,237.000000,242.949997,0.000284,-0.430329
2025-04-16,244.000000,244.000000,239.000000,242.000000,0.000112,-0.391026
2025-04-17,244.000000,244.000000,237.000000,240.000000,0.001217,-0.826446
2025-04-21,241.000000,241.000000,240.000000,240.000000,0.000038,0.000000
2025-04-22,240.000000,240.000000,240.000000,240.000000,0.000000,0.000000
2025-04-23,244.500000,244.500000,237.000000,242.000000,0.001011,0.833333
2025-04-24,243.000000,243.000000,242.000000,242.000000,0.000679,0.000000
2025-04-28,241.850006,242.000000,241.800003,242.000000,0.000750,0.000000
2025-04-29,244.000000,244.000000,241.949997,242.000000,0.000734,0.000000
2025-04-30,242.000000,242.000000,237.000000,242.000000,0.000298,0.000000
2025-05-01,241.899994,241.899994,230.000000,238.949997,0.000376,-1.260332
2025-05-05,241.000000,241.899994,237.000000,239.000000,0.001003,0.020926
2025-05-06,239.000000,241.000000,235.000000,240.000000,0.000806,0.418410
2025-05-07,240.000000,240.000000,238.000000,238.000000,0.000743,-0.833333
2025-05-08,238.000000,240.000000,238.000000,240.000000,0.000385,0.840336
2025-05-12,242.000000,242.000000,235.000000,241.949997,0.001043,0.812499
2025-05-13,241.500000,241.500000,236.000000,236.000000,0.000740,-2.459185
2025-05-14,241.300003,242.000000,239.949997,239.949997,0.000193,1.673728
2025-05-15,239.949997,239.949997,239.000000,239.949997,0.001073,0.000000
2025-05-19,240.000000,240.000000,240.000000,240.000000,0.000000,0.020839
2025-05-20,240.000000,240.000000,239.000000,239.899994,0.001551,-0.041669
2025-05-21,238.000000,238.000000,235.000000,235.000000,0.002383,-2.042515
2025-05-22,238.000000,238.000000,233.000000,237.899994,0.001021,1.234040
2025-05-26,237.899994,237.899994,234.000000,235.000000,0.001530,-1.218997
2025-05-27,237.899994,237.899994,233.750000,235.000000,0.000959,0.000000
2025-05-28,241.000000,241.000000,234.000000,239.000000,0.000311,1.702128
2025-05-29,239.000000,240.000000,237.000000,239.699997,0.000690,0.292886
2025-06-02,250.000000,275.000000,220.000000,238.000000,0.001733,-0.709219
2025-06-03,241.000000,241.000000,238.000000,238.000000,0.000433,0.000000
2025-06-04,241.000000,241.000000,238.000000,238.000000,0.000162,0.000000
2025-06-05,238.000000,238.000000,238.000000,238.000000,0.000000,0.000000
2025-06-09,248.850006,250.000000,230.000000,248.000000,0.004083,4.201681
2025-06-10,245.000000,250.000000,241.050003,248.000000,0.003317,0.000000
2025-06-11,248.800003,250.000000,242.050003,249.949997,0.000938,0.786289
2025-06-12,255.000000,255.000000,242.550003,242.550003,0.000753,-2.960590
2025-06-16,235.000000,241.899994,235.000000,238.000000,0.001011,-1.875903
2025-06-17,241.899994,241.899994,236.000000,238.000000,0.000153,0.000000
2025-06-18,241.899994,241.899994,236.000000,238.000000,0.000187,0.000000
2025-06-19,239.000000,239.899994,235.100006,236.000000,0.000550,-0.840336
2025-06-23,242.000000,242.000000,235.000000,239.000000,0.000631,1.271186
2025-06-24,242.000000,242.000000,235.000000,240.000000,0.000278,0.418410
2025-06-25,242.000000,242.000000,235.000000,240.000000,0.000278,0.000000
2025-06-26,242.000000,242.000000,239.000000,240.000000,0.001125,0.000000
2025-06-30,241.000000,242.000000,240.000000,240.000000,0.002028,0.000000
2025-07-01,242.000000,242.000000,238.000000,238.199997,0.001341,-0.750001
2025-07-02,238.250000,239.949997,238.250000,239.949997,0.000014,0.734677
2025-07-03,240.000000,240.000000,239.949997,239.949997,0.000667,0.000000
2025-07-07,238.000000,242.000000,238.000000,240.000000,0.000813,0.020839
2025-07-08,241.949997,242.000000,238.100006,241.000000,0.000365,0.416667
2025-07-09,241.000000,241.000000,238.199997,239.000000,0.000385,-0.829876
2025-07-10,240.000000,240.000000,239.000000,239.300003,0.000881,0.125524
2025-07-14,241.500000,242.000000,239.500000,241.949997,0.001981,1.107394
2025-07-15,242.000000,243.000000,240.000000,242.000000,0.007298,0.020667
2025-07-16,243.500000,248.949997,243.500000,246.000000,0.002555,1.652893
2025-07-17,248.000000,259.000000,248.000000,259.000000,0.004036,5.284553
2025-07-21,260.000000,268.000000,260.000000,264.000000,0.000642,1.930502
2025-07-22,264.000000,265.000000,262.200012,265.000000,0.000270,0.378788
2025-07-23,265.000000,267.000000,262.049988,267.000000,0.005664,0.754717
2025-07-24,268.000000,269.899994,266.950012,267.000000,0.013778,0.000000
2025-07-28,267.000000,267.000000,267.000000,267.000000,0.001951,0.000000
2025-07-29,265.000000,266.000000,265.000000,265.000000,0.000309,-0.749064
2025-07-30,260.000000,265.000000,250.000000,265.000000,0.004350,0.000000
2025-07-31,265.000000,265.000000,251.000000,256.950012,0.001204,-3.037731
2025-08-04,248.050003,251.949997,247.000000,249.000000,0.001350,-3.093992
2025-08-05,251.949997,251.949997,247.500000,251.000000,0.001699,0.803213
2025-08-06,251.000000,251.000000,250.000000,251.000000,0.000610,0.000000
2025-08-07,251.000000,251.000000,247.600006,250.000000,0.001024,-0.398406
2025-08-11,262.000000,262.000000,247.699997,250.000000,0.002136,0.000000
2025-08-12,250.000000,250.000000,250.000000,250.000000,0.000051,0.000000
2025-08-13,249.000000,250.000000,248.100006,249.800003,0.000660,-0.079999
2025-08-14,250.000000,250.000000,249.600006,249.800003,0.000232,0.000000
2025-08-18,250.000000,250.000000,249.500000,249.500000,0.003028,-0.120097
2025-08-19,250.000000,250.000000,245.000000,245.000000,0.000176,-1.803607
2025-08-20,245.000000,249.250000,245.000000,246.000000,0.000176,0.408163
2025-08-21,247.000000,249.000000,245.500000,246.050003,0.000696,0.020326
2025-08-25,246.050003,249.899994,246.050003,247.000000,0.000535,0.386099
2025-08-26,246.050003,249.000000,245.000000,245.000000,0.000452,-0.809717
2025-08-27,245.000000,249.000000,245.000000,249.000000,0.000686,1.632653
2025-08-28,248.500000,248.500000,245.050003,248.500000,0.000221,-0.200803
2025-09-01,248.399994,248.399994,242.000000,248.000000,0.000444,-0.201207
2025-09-02,248.500000,248.500000,240.000000,240.000000,0.006461,-3.225806
2025-09-03,240.000000,240.000000,239.000000,239.000000,0.002606,-0.416667
2025-09-04,240.000000,240.000000,239.100006,240.000000,0.000954,0.418410
2025-09-08,241.000000,247.899994,238.000000,240.000000,0.000960,0.000000
2025-09-09,240.000000,240.000000,238.000000,240.000000,0.000525,0.000000
2025-09-10,240.000000,240.000000,220.000000,238.000000,0.001549,-0.833333
2025-09-11,235.000000,239.899994,235.000000,239.899994,0.003018,0.798317
2025-09-15,240.000000,240.000000,234.000000,240.000000,0.000672,0.041687
2025-09-16,239.899994,239.899994,235.500000,235.500000,0.001982,-1.875000
2025-09-17,239.899994,239.899994,236.000000,239.000000,0.002010,1.486200
2025-09-18,239.899994,239.899994,238.000000,239.000000,0.006080,0.000000
2025-09-22,240.000000,240.000000,239.000000,240.000000,0.000334,0.418410
2025-09-23,240.000000,240.000000,237.500000,240.000000,0.000904,0.000000
2025-09-24,239.000000,240.000000,239.000000,239.500000,0.001173,-0.208333
2025-09-25,239.600006,239.600006,234.000000,238.000000,0.000919,-0.626305
2025-09-29,240.000000,245.000000,240.000000,240.000000,0.000160,0.840336
2025-09-30,251.000000,251.000000,220.000000,240.000000,0.000787,0.000000
2025-10-01,240.000000,240.000000,237.500000,237.500000,0.000037,-1.041667
2025-10-02,240.000000,240.000000,238.000000,240.000000,0.000127,1.052632
2025-10-06,240.000000,240.000000,237.500000,237.500000,0.000989,-1.041667
2025-10-07,240.000000,240.000000,237.500000,237.500000,0.000028,0.000000
2025-10-08,237.500000,240.000000,237.500000,239.000000,0.000547,0.631579
2025-10-09,239.000000,239.000000,237.500000,239.000000,0.000452,0.000000
2025-10-13,239.500000,239.500000,237.500000,239.500000,0.000306,0.209205
2025-10-14,238.000000,239.500000,238.000000,239.500000,0.000080,0.000000
2025-10-15,239.500000,239.500000,239.500000,239.500000,0.000231,0.000000
2025-10-16,238.000000,239.500000,238.000000,239.500000,0.000276,0.000000
2025-10-20,239.500000,239.500000,238.000000,238.000000,0.000245,-0.626305
2025-10-21,239.500000,239.500000,238.250000,239.500000,0.000381,0.630252
2025-10-22,239.500000,239.500000,238.100006,238.100006,0.000304,-0.584549
2025-10-23,238.300003,238.300003,237.600006,238.000000,0.000355,-0.042002
2025-10-27,239.500000,239.500000,237.500000,238.199997,0.000393,0.084032
2025-10-28,238.199997,238.199997,238.199997,238.199997,0.000000,0.000000
2025-10-29,239.000000,239.000000,237.750000,239.000000,0.000138,0.335854
2025-10-30,239.000000,239.500000,239.000000,239.000000,0.000497,0.000000
2025-11-03,239.449997,239.500000,239.000000,239.500000,0.000535,0.209205
2025-11-04,251.449997,251.449997,236.000000,239.000000,0.003122,-0.208768
2025-11-05,239.500000,247.000000,233.050003,235.000000,0.000082,-1.673640
2025-11-06,247.000000,247.000000,236.300003,236.399994,0.001080,0.595742
2025-11-10,237.100006,243.000000,236.949997,236.949997,0.001176,0.232658
2025-11-11,240.000000,241.500000,240.000000,241.500000,0.000660,1.920238
2025-11-12,240.000000,240.000000,239.050003,240.000000,0.000107,-0.621118
2025-11-13,240.000000,243.000000,239.000000,239.500000,0.000931,-0.208333
2025-11-17,242.000000,242.000000,239.500000,240.899994,0.000354,0.584549
2025-11-18,239.000000,239.000000,238.000000,238.000000,0.000179,-1.203817
2025-11-19,237.000000,239.500000,237.000000,239.500000,0.000182,0.630252
2025-11-20,239.300003,239.399994,236.949997,239.199997,0.000188,-0.125262
2025-11-24,239.199997,239.199997,239.199997,239.199997,0.000000,0.000000
2025-11-25,239.199997,242.000000,237.050003,238.000000,0.000556,-0.501671
2025-11-26,238.000000,240.000000,227.000000,240.000000,0.000891,0.840336
2025-11-27,240.000000,244.000000,240.000000,240.000000,0.001431,0.000000
2025-12-01,240.000000,240.000000,240.000000,240.000000,0.000000,0.000000
2025-12-02,240.000000,240.000000,240.000000,240.000000,0.000000,0.000000
2025-12-03,251.449997,251.449997,236.000000,239.000000,0.003122,-0.416667
2025-12-04,244.000000,244.000000,240.000000,241.000000,0.000370,0.836820
2025-12-08,240.000000,244.000000,240.000000,240.000000,0.000130,-0.414938
2025-12-09,243.000000,246.000000,243.000000,243.000000,0.000204,1.250000
2025-12-10,243.000000,243.000000,243.000000,243.000000,0.000008,0.000000
2025-12-11,243.000000,243.000000,243.000000,243.000000,0.000008,0.000000
2025-12-15,248.000000,248.000000,245.000000,247.000000,0.000586,1.646091
2025-12-16,248.000000,250.000000,237.000000,244.000000,0.000952,-1.214575
2025-12-17,244.000000,249.000000,244.000000,244.949997,0.000077,0.389343
2025-12-18,248.850006,248.850006,244.000000,248.000000,0.000470,1.245153
2025-12-22,252.000000,259.450012,252.000000,258.000000,0.000543,4.032258
2025-12-23,259.000000,259.000000,253.000000,255.000000,0.000177,-1.162791
2025-12-24,255.000000,260.000000,254.000000,260.000000,0.000706,1.960784
2025-12-25,263.000000,265.000000,252.500000,260.000000,0.000477,0.000000
2025-12-29,255.050003,259.950012,255.050003,259.950012,0.000220,-0.019226
2025-12-30,260.000000,260.000000,256.000000,256.000000,0.001107,-1.519528
2025-12-31,256.000000,256.000000,253.000000,253.000000,0.000435,-1.171875
2026-01-05,256.000000,259.899994,256.000000,259.899994,0.000106,2.727270
2026-01-06,262.000000,262.000000,255.000000,260.000000,0.000850,0.038479
2026-01-07,260.000000,260.000000,259.600006,259.600006,0.000583,-0.153844
2026-01-08,259.600006,260.000000,256.000000,260.000000,0.001763,0.154081
2026-01-12,260.000000,268.000000,256.500000,256.500000,0.000217,-1.346154
2026-01-13,256.500000,261.049988,256.500000,260.000000,0.000614,1.364522
2026-01-14,260.000000,260.000000,256.000000,259.950012,0.001118,-0.019226
2026-01-15,259.950012,260.000000,257.000000,259.500000,0.000631,-0.173115
2026-01-19,259.500000,260.000000,259.500000,260.000000,0.001235,0.192678
2026-01-20,259.500000,260.000000,259.500000,260.000000,0.002096,0.000000
2026-01-21,260.000000,260.000000,259.500000,260.000000,0.000302,0.000000
2026-01-22,260.000000,260.000000,259.000000,260.000000,0.000997,0.000000
2026-01-26,260.000000,260.000000,259.299988,260.000000,0.001112,0.000000
2026-01-27,260.000000,265.000000,259.600006,259.750000,0.003158,-0.096154
2026-01-28,260.000000,260.000000,256.100006,260.000000,0.001425,0.096246
2026-01-29,260.000000,260.000000,258.299988,260.000000,0.000777,0.000000
2026-02-02,298.000000,298.000000,260.000000,265.000000,0.001695,1.923077
2026-02-03,264.000000,264.000000,239.000000,245.000000,0.015071,-7.547170
2026-02-04,249.000000,255.000000,247.000000,253.000000,0.004064,3.265306
2026-02-05,254.000000,255.000000,243.000000,253.000000,0.003198,0.000000
2026-02-09,250.000000,253.000000,250.000000,250.000000,0.000689,-1.185771
2026-02-10,250.000000,250.500000,244.000000,247.000000,0.002849,-1.200000
2026-02-11,250.000000,252.000000,244.000000,251.699997,0.002077,1.902833
2026-02-12,245.000000,251.600006,245.000000,247.000000,0.000739,-1.867301
2026-02-16,249.949997,250.000000,244.000000,244.000000,0.000907,-1.214575
2026-02-17,246.000000,246.300003,244.000000,246.250000,0.006749,0.922131
2026-02-18,244.000000,249.000000,244.000000,248.850006,0.001430,1.055840
2026-02-19,248.000000,248.750000,244.000000,246.000000,0.000719,-1.145271
2026-02-23,245.000000,248.000000,245.000000,248.000000,0.000611,0.813008
2026-02-24,248.000000,248.000000,245.000000,245.000000,0.000294,-1.209677
2026-02-25,245.000000,247.000000,243.000000,247.000000,0.013948,0.816327
2026-02-26,247.000000,248.949997,242.000000,242.000000,0.006268,-2.024291
2026-03-02,243.000000,243.000000,243.000000,243.000000,0.000000,0.413223
2026-03-03,243.000000,243.000000,243.000000,243.000000,0.000000,0.000000
2026-03-04,230.850006,230.850006,230.850006,230.850006,0.003045,-4.999997
2026-03-05,230.850006,230.850006,219.350006,230.800003,0.007792,-0.021660
2026-03-09,221.000000,229.949997,218.000000,229.000000,0.007082,-0.779897
2026-03-10,221.000000,229.949997,218.000000,229.000000,0.007082,0.000000
2026-03-11,228.000000,228.000000,218.000000,226.000000,0.001695,-1.310044
2026-03-12,227.949997,228.000000,214.699997,227.000000,0.002065,0.442478
2026-03-16,218.899994,219.000000,208.850006,208.850006,0.001244,-7.995592
2026-03-17,208.850006,208.850006,198.449997,208.800003,0.005552,-0.023942
2026-03-18,208.800003,221.000000,205.000000,218.899994,0.008000,4.837160
2026-03-19,218.899994,218.899994,218.899994,218.899994,0.000000,0.000000
2026-03-24,215.000000,215.949997,208.100006,212.000000,0.001136,-3.152122
2026-03-25,216.000000,216.000000,209.000000,216.000000,0.003137,1.886792
2026-03-26,215.949997,215.949997,210.000000,214.899994,0.004346,-0.509262
2026-03-30,210.000000,214.800003,208.000000,210.000000,0.002949,-2.280128
2026-03-31,210.000000,214.800003,208.000000,209.000000,0.008329,-0.476190
2026-04-01,209.000000,214.000000,204.000000,210.000000,0.014002,0.478469
2026-04-02,210.000000,214.000000,204.000000,210.000000,0.001708,0.000000
2026-04-06,213.000000,213.000000,205.000000,209.000000,0.001823,-0.476190
2026-04-07,210.000000,211.000000,209.500000,211.000000,0.000680,0.956938
2026-04-08,214.899994,229.000000,211.000000,213.199997,0.024905,1.042653
2026-04-09,213.199997,216.000000,212.000000,216.000000,0.018019,1.313322
2026-04-13,225.000000,225.000000,218.000000,218.000000,0.001254,0.925926
2026-04-14,216.000000,218.000000,216.000000,216.000000,0.003078,-0.917431
2026-04-15,216.000000,218.000000,216.000000,216.000000,0.004854,0.000000
2026-04-16,218.000000,220.000000,216.100006,218.000000,0.002349,0.925926
2026-04-20,218.000000,218.000000,215.199997,216.000000,0.001830,-0.917431
2026-04-21,215.199997,220.000000,215.199997,216.000000,0.001006,0.000000
2026-04-22,217.000000,217.000000,215.000000,215.000000,0.000848,-0.462963
2026-04-23,215.000000,215.000000,210.899994,211.899994,0.246620,-1.441863
2026-04-27,219.000000,224.000000,219.000000,223.500000,0.001622,5.474283
2026-04-28,223.500000,223.500000,223.500000,223.500000,0.000000,0.000000
2026-04-29,224.000000,257.600006,224.000000,227.199997,0.003360,1.655480
2026-04-30,245.000000,245.000000,227.199997,227.199997,0.000099,0.000000
2026-05-04,240.000000,248.000000,235.199997,247.500000,0.006707,8.934861
2026-05-05,235.500000,235.500000,235.199997,235.199997,0.024643,-4.969698
2026-05-06,235.199997,240.000000,231.100006,235.300003,0.000554,0.042520
2026-05-07,236.000000,240.000000,235.899994,240.000000,0.001576,1.997449
2026-05-11,242.399994,242.399994,236.000000,236.000000,0.000591,-1.666667
2026-05-12,240.000000,241.000000,237.000000,241.000000,0.006126,2.118644
2026-05-13,241.000000,242.000000,241.000000,241.000000,0.001627,0.000000
2026-05-14,241.000000,241.500000,241.000000,241.000000,0.000757,0.000000
2026-05-18,242.000000,242.000000,235.000000,240.000000,0.000675,-0.414938
2026-05-19,242.000000,243.600006,240.000000,240.000000,0.008247,0.000000
2026-05-20,240.000000,240.000000,240.000000,240.000000,0.000006,0.000000
2026-05-21,240.000000,243.000000,240.000000,240.000000,0.000137,0.000000
2026-05-25,241.899994,244.000000,241.899994,244.000000,0.000980,1.666667
2026-05-26,244.000000,244.000000,244.000000,244.000000,0.000000,0.000000
2026-05-27,244.000000,244.000000,244.000000,244.000000,0.000000,0.000000
2026-05-28,244.000000,244.000000,244.000000,244.000000,0.000000,0.000000
2026-06-01,244.000000,247.000000,236.000000,247.000000,0.001031,1.229508
2026-06-02,244.000000,244.000000,236.000000,243.899994,0.000628,-1.255063
2026-06-03,237.899994,250.000000,237.899994,250.000000,0.004784,2.501028
2026-06-04,245.000000,246.899994,238.000000,246.899994,0.000932,-1.240002
2026-06-08,250.000000,255.000000,245.000000,250.000000,0.003017,1.255572
2026-06-09,250.000000,254.000000,247.000000,250.000000,0.000772,0.000000
2026-06-10,250.000000,250.300003,246.000000,250.300003,0.000797,0.120001
2026-06-11,250.100006,250.100006,246.000000,250.000000,0.001694,-0.119857
2026-06-16,265.000000,265.000000,250.000000,250.000000,0.003411,0.000000
2026-06-17,253.000000,258.000000,253.000000,254.500000,0.000749,1.800000
2026-06-18,256.000000,256.000000,254.500000,256.000000,0.001047,0.589391
2026-06-22,262.000000,262.000000,257.000000,258.000000,0.000057,0.781250
2026-06-23,257.000000,261.100006,257.000000,257.000000,0.000704,-0.387597
2026-06-24,258.000000,260.000000,254.000000,255.000000,0.000350,-0.778210
2026-06-25,259.000000,259.000000,258.899994,258.899994,0.000087,1.529409
2026-06-29,256.000000,256.000000,254.000000,255.000000,0.000131,-1.506371
2026-06-30,255.300003,255.300003,254.000000,254.899994,0.000371,-0.039218
2026-07-01,255.000000,256.000000,254.000000,256.000000,0.001603,0.431544
2026-07-02,256.000000,256.000000,254.000000,254.000000,0.002419,-0.781250
2026-07-06,256.000000,256.000000,254.100006,256.000000,0.000147,0.787402
2026-07-07,250.000000,255.899994,245.000000,254.000000,0.001254,-0.781250
2026-07-08,254.000000,254.500000,254.000000,254.500000,0.001085,0.196850
2026-07-09,254.500000,255.899994,254.500000,255.899994,0.000931,0.550096
2026-07-13,255.899994,259.000000,255.899994,259.000000,0.000600,1.211413
2026-07-14,256.000000,256.000000,254.000000,254.500000,0.000555,-1.737452
2026-07-15,257.000000,257.000000,257.000000,257.000000,0.000051,0.982318
2026-07-16,250.000000,258.000000,250.000000,258.000000,0.000160,0.389105
2026-07-20,258.000000,258.000000,254.000000,254.000000,0.000129,-1.550388
2026-07-21,254.000000,258.000000,254.000000,258.000000,0.000011,1.574803
